Campaign,Ad Group,Ad type,Headline 1,Headline 2,Headline 3,Headline 4,Headline 5,Headline 6,Headline 7,Headline 8,Headline 9,Headline 10,Headline 11,Headline 12,Headline 13,Headline 14,Headline 15,Description 1,Description 2,Description 3,Description 4,Path 1,Path 2,Final URL
EN | Kitchen & Bath,Kitchen Remodel,Responsive search ad,Kitchen Remodeling Auburn AL,Owner on Every Job,"Kitchens From $8,000","Cabinets, Counters & Tile","One Crew, One Written Price",Serving Auburn & Opelika,Try Our Cost Estimator,Plan Your New Kitchen,Layout Changes & Islands,Permits Handled For You,Free Written Estimates,Family-Owned Local Crew,Licensed & Insured in AL,Hablamos Español,Call or Text Today,"Refresh or full remodel, planned around how you cook. Free written line-item estimate.","The crew that builds your kitchen also paints and tiles it. No hand-offs, no surprises.","Family-owned in Auburn. Licensed, insured, permits pulled in our name. Call or text.","See real 2026 price ranges, then book a free walkthrough. Hablamos español.",Kitchen,Auburn-AL,https://www.zconstructionremodeling.com/services/kitchen-remodeling
EN | Kitchen & Bath,Bathroom Remodel,Responsive search ad,Bathroom Remodel Auburn AL,Walk-In Showers & Tile,Tub-to-Shower Conversions,Waterproofed the Right Way,"Baths From $6,000",Owner on Every Job,Curbless & Accessible Baths,Serving Auburn & Opelika,See 2026 Bath Price Ranges,Permits Handled For You,Free Written Estimates,Family-Owned Local Crew,Licensed & Insured in AL,Hablamos Español,Call or Text Today,"Walk-in showers, tub conversions and primary baths, waterproofed behind every tile.","We photograph the waterproofing before tile goes on. Free written estimate, no pressure.","Family-owned in Auburn. One crew, one price, the owner on site. Call, text or WhatsApp.","Hall bath refresh to primary suite. See real price ranges, then book a free walkthrough.",Bathroom,Auburn-AL,https://www.zconstructionremodeling.com/services/bathroom-remodeling
EN | Kitchen & Bath,Tub to Shower,Responsive search ad,Tub to Shower Conversion,Walk-In Showers & Tile,Waterproofed the Right Way,"Baths From $6,000",Owner on Every Job,Curbless & Accessible Baths,Serving Auburn & Opelika,See 2026 Bath Price Ranges,Permits Handled For You,Free Written Estimates,Family-Owned Local Crew,Licensed & Insured in AL,Hablamos Español,Call or Text Today,"Safer, Easier Walk-In Shower","Walk-in showers, tub conversions and primary baths, waterproofed behind every tile.","We photograph the waterproofing before tile goes on. Free written estimate, no pressure.","Family-owned in Auburn. One crew, one price, the owner on site. Call, text or WhatsApp.","Hall bath refresh to primary suite. See real price ranges, then book a free walkthrough.",Tub,Auburn-AL,https://www.zconstructionremodeling.com/services/bathroom-remodeling
EN | Painting & Cabinets,House Painters,Responsive search ad,House Painters Auburn AL,Interior & Exterior Painting,Rot Repaired Before We Paint,Premium SW & BM Paints,Prep Done Right,"Interior From $1,800","Clean Lines, Clean House",Serving Auburn & Opelika,Carpenters + Painters,HOA Color Help,Free Written Estimates,Family-Owned Local Crew,Licensed & Insured in AL,Hablamos Español,Call or Text Today,"We wash, scrape, fix rotten wood and caulk before any paint. Made for Alabama humidity.","Carpenters and painters on one crew: rot fixed, not painted over. Free written estimate.","Family-owned Auburn painters. Furniture protected, daily cleanup. Call, text or WhatsApp.",Interior rooms to full exteriors. Premium Sherwin-Williams and Benjamin Moore products.,House,Auburn-AL,https://www.zconstructionremodeling.com/services/house-painting
EN | Painting & Cabinets,Cabinet Painting,Responsive search ad,Cabinet Painting Auburn AL,Factory-Smooth Sprayed Finish,New Kitchen Look in a Week,Fraction of Replacement Cost,"Catalyzed Enamel, Not Latex","Cabinets From $3,500",Soft-Close Hinge Upgrades,Serving Auburn & Opelika,"Doors Off, Sprayed, Cured",Paint vs Replace? Ask Us,Free Written Estimates,Family-Owned Local Crew,Licensed & Insured in AL,Hablamos Español,Call or Text Today,"Doors removed, degreased, primed and sprayed with catalyzed enamel. Kitchen back in days.",A new-looking kitchen for roughly a fifth of the cost of new cabinets. Free estimate.,Family-owned in Auburn. We'll tell you honestly if your cabinets are good candidates.,"Add soft-close hinges and new hardware in the same visit. Call, text or WhatsApp.",Cabinet,Auburn-AL,https://www.zconstructionremodeling.com/services/cabinet-painting
"EN | Flooring, Repairs & Rentals",Flooring,Responsive search ad,Flooring Installation Auburn,"LVP, Tile & Hardwood",Waterproof LVP Installed,Subfloor Checked First,Trim & Transitions Included,Old Floor Removed & Hauled,Rentals Done in 2–4 Days,Serving Auburn & Opelika,"From $1,800 Installed","Quiet, Flat Floors",Free Written Estimates,Family-Owned Local Crew,Licensed & Insured in AL,Hablamos Español,Call or Text Today,"We fix squeaks and soft spots before we install, so your new floor stays flat and quiet.","Waterproof LVP, tile and engineered hardwood with baseboards and transitions finished.",Landlords: we schedule between tenants and coordinate paint the same week.,"Family-owned Auburn contractor. Free written estimate. Call, text or WhatsApp.",Flooring,Auburn-AL,https://www.zconstructionremodeling.com/services/flooring-installation
"EN | Flooring, Repairs & Rentals",Home Repairs,Responsive search ad,Home Repairs Auburn AL,Wood Rot & Siding Repair,Deck & Porch Repair,Drywall Patch & Texture,Inspection Punch Lists,No Job Too Small,Painted to Match,Serving Auburn & Opelika,Fast Fixes Before Closing,We Fix the Cause,Free Written Estimates,Family-Owned Local Crew,Licensed & Insured in AL,Hablamos Español,Call or Text Today,"Rotten trim, soft deck boards, drywall, sticking doors. Fixed and painted to match.",Selling? We work to your inspection deadline and document repairs with photos.,Send the whole list: bundling repairs in one visit saves you money. Free estimate.,"Family-owned in Auburn. We show up when we say. Call, text or WhatsApp.",Home,Auburn-AL,https://www.zconstructionremodeling.com/services/home-repairs
"EN | Flooring, Repairs & Rentals",Rental Turnover,Responsive search ad,Rental Turnovers Auburn AL,Make-Ready Between Tenants,"Paint, LVP, Repairs, Clean",Built Around Lease Dates,Photo Updates for Owners,Landlords & Property Mgrs,Book Before the August Rush,"Light Turns From $1,500","One Contact, Every Unit",Near Auburn University,Free Written Estimates,Family-Owned Local Crew,Licensed & Insured in AL,Hablamos Español,Call or Text Today,"Paint, LVP, repairs and punch lists between tenants, scheduled to your move-out date.",Live out of town? Get before/after photos of every room and an itemized invoice.,Standard colors and floors across your units so touch-ups always match. Free estimate.,"Family-owned Auburn contractor for landlords, parents and property managers.",Rental,Auburn-AL,https://www.zconstructionremodeling.com/services/rental-turnovers
EN | Additions & Remodeling,Home Additions,Responsive search ad,Home Additions Auburn AL,Additions That Look Original,"Bedrooms, Suites & Garages",In-Law Suites & Sunrooms,Permits & Drawings Handled,Rooflines & Siding Matched,Free Planning Estimate,"One Contract, Start to End",Serving Lee County,Add Space Instead of Moving,Free Written Estimates,Family-Owned Local Crew,Licensed & Insured in AL,Hablamos Español,Call or Text Today,"Bedrooms, primary and in-law suites, sunrooms and garages that match your house.","We handle drawings, permits, foundation, framing, roofing, trades, trim and paint.",Get a real planning range before you pay for drawings. Free walkthrough in Lee County.,"Family-owned Auburn builder. Licensed, insured, one point of contact start to finish.",Home,Auburn-AL,https://www.zconstructionremodeling.com/services/home-additions
EN | Additions & Remodeling,Remodeling & General Contractor,Responsive search ad,Remodeling Contractor Auburn,General Contractor Auburn AL,Whole-Home & Room Remodels,Open-Concept Conversions,Owner on Every Job,"Build + Paint, One Crew",Remodels Phased to Budget,Serving Auburn & Opelika,Permits Handled For You,Older Homes Brought Current,Free Written Estimates,Family-Owned Local Crew,Licensed & Insured in AL,Hablamos Español,Call or Text Today,"Open the floor plan, update an older house or finish the bonus room. Planned with you.","The owner quotes, schedules and answers the phone. Written scope, no surprise invoices.",One crew from framing to final coat: no hand-offs between trades. Free written estimate.,"Family-owned in Auburn, serving Opelika and Lee County. Call, text or WhatsApp.",Remodeling,Auburn-AL,https://www.zconstructionremodeling.com/services/home-remodeling
ES | Español,Baños,Responsive search ad,Remodelación de Baños,En Auburn y Opelika,Regaderas y Azulejo,Cambio de Tina por Regadera,Todo Explicado en Español,Contrato por Escrito,El Dueño en Cada Obra,"Baños Desde $6,000",Sin Sorpresas en el Precio,Llame o Mande Mensaje,Contratista Que Habla Español,Presupuesto Gratis,Empresa Familiar Local,Con Licencia y Seguro,Escríbanos por WhatsApp,Remodelamos su baño con la impermeabilización bien hecha. Presupuesto gratis en español.,"Regaderas, azulejo y tocadores. Todo por escrito, sin letra chica. Auburn y Opelika.",Empresa familiar con licencia y seguro. El dueño lo atiende en español. Llame hoy.,Mándenos fotos de su baño por WhatsApp y le decimos qué se puede hacer y cuánto cuesta.,Espanol,Baños,https://www.zconstructionremodeling.com/es/servicios/remodelacion-de-banos
ES | Español,Cocinas,Responsive search ad,Remodelación de Cocinas,En Auburn y Opelika,"Gabinetes, Cubiertas, Azulejo",Pintamos Sus Gabinetes,Todo Explicado en Español,Contrato por Escrito,El Dueño en Cada Obra,"Cocinas Desde $8,000",Sin Sorpresas en el Precio,Llame o Mande Mensaje,Contratista Que Habla Español,Presupuesto Gratis,Empresa Familiar Local,Con Licencia y Seguro,Escríbanos por WhatsApp,"Renovamos o remodelamos su cocina completa. Presupuesto gratis y por escrito, en español.","La misma cuadrilla construye, pinta y pone el azulejo. Sin intermediarios ni sorpresas.",Empresa familiar de Auburn con licencia y seguro. Sacamos los permisos por usted.,Mándenos fotos de su cocina por WhatsApp y le damos una idea del costo.,Espanol,Cocinas,https://www.zconstructionremodeling.com/es/servicios/remodelacion-de-cocinas
ES | Español,Pintura,Responsive search ad,Pintores en Auburn AL,Pintura Interior y Exterior,Reparamos la Madera Podrida,Pintura de Primera Calidad,Todo Explicado en Español,Casa Limpia al Terminar,El Dueño en Cada Obra,"Interiores Desde $1,800",Pintores de Casas,Llame o Mande Mensaje,Contratista Que Habla Español,Presupuesto Gratis,Empresa Familiar Local,Con Licencia y Seguro,Escríbanos por WhatsApp,"Lavamos, raspamos, cambiamos madera podrida y sellamos antes de pintar. Hecho para durar.",Pintura interior y exterior con productos Sherwin-Williams y Benjamin Moore.,Empresa familiar con licencia y seguro en Auburn. Presupuesto gratis en español.,Mándenos fotos por WhatsApp y le contestamos con los siguientes pasos.,Espanol,Pintura,https://www.zconstructionremodeling.com/es/servicios/pintura-de-casas
ES | Español,Contratista,Responsive search ad,Contratista Hispano Auburn,Remodelación y Pintura,"Cocinas, Baños, Ampliaciones",Todo Explicado en Español,Contrato por Escrito,El Dueño en Cada Obra,"Auburn, Opelika y Lee County",Sin Sorpresas en el Precio,Casas de Renta y Reparaciones,Llame o Mande Mensaje,Contratista Que Habla Español,Presupuesto Gratis,Empresa Familiar Local,Con Licencia y Seguro,Escríbanos por WhatsApp,"Construcción, remodelación y pintura en Auburn y Opelika. Lo atendemos en español.","Presupuesto, contrato y obra en su idioma, por escrito. Sin letra chica, sin sorpresas.",Empresa familiar con licencia y seguro. Sacamos los permisos por usted.,Escríbanos por WhatsApp con fotos de su proyecto. Le respondemos el mismo día.,Espanol,Contratista,https://www.zconstructionremodeling.com/es
Brand,Brand,Responsive search ad,Z Construction & Remodeling,Official Site,"Family-Owned in Auburn, AL",Free Written Estimates,"Kitchens, Baths, Additions",Painting & Cabinets,Owner on Every Job,Licensed & Insured in AL,Hablamos Español,Call or Text Today,,,,,,"Construction, remodeling and painting in Auburn, Opelika and Lee County. Free estimates.","One crew builds and finishes your project. Written price, owner on every job.","Call, text or WhatsApp. English or Spanish. Se habla español.",,Brand,Auburn-AL,https://www.zconstructionremodeling.com/
