Campaign,Ad Group,Keyword,Criterion Type
EN | Kitchen & Bath,Kitchen Remodel,kitchen remodel auburn al,Exact
EN | Kitchen & Bath,Kitchen Remodel,kitchen remodel auburn al,Phrase
EN | Kitchen & Bath,Kitchen Remodel,kitchen remodeling auburn al,Exact
EN | Kitchen & Bath,Kitchen Remodel,kitchen remodeling auburn al,Phrase
EN | Kitchen & Bath,Kitchen Remodel,kitchen remodel opelika,Exact
EN | Kitchen & Bath,Kitchen Remodel,kitchen remodel opelika,Phrase
EN | Kitchen & Bath,Kitchen Remodel,kitchen remodeling opelika al,Exact
EN | Kitchen & Bath,Kitchen Remodel,kitchen remodeling opelika al,Phrase
EN | Kitchen & Bath,Kitchen Remodel,kitchen renovation auburn al,Exact
EN | Kitchen & Bath,Kitchen Remodel,kitchen renovation auburn al,Phrase
EN | Kitchen & Bath,Kitchen Remodel,kitchen remodel near me,Exact
EN | Kitchen & Bath,Kitchen Remodel,kitchen remodel near me,Phrase
EN | Kitchen & Bath,Kitchen Remodel,kitchen remodeling contractor near me,Exact
EN | Kitchen & Bath,Kitchen Remodel,kitchen remodeling contractor near me,Phrase
EN | Kitchen & Bath,Kitchen Remodel,kitchen remodel cost auburn al,Exact
EN | Kitchen & Bath,Kitchen Remodel,kitchen remodel cost auburn al,Phrase
EN | Kitchen & Bath,Bathroom Remodel,bathroom remodel auburn al,Exact
EN | Kitchen & Bath,Bathroom Remodel,bathroom remodel auburn al,Phrase
EN | Kitchen & Bath,Bathroom Remodel,bathroom remodeling auburn al,Exact
EN | Kitchen & Bath,Bathroom Remodel,bathroom remodeling auburn al,Phrase
EN | Kitchen & Bath,Bathroom Remodel,bathroom remodel opelika al,Exact
EN | Kitchen & Bath,Bathroom Remodel,bathroom remodel opelika al,Phrase
EN | Kitchen & Bath,Bathroom Remodel,bathroom renovation auburn al,Exact
EN | Kitchen & Bath,Bathroom Remodel,bathroom renovation auburn al,Phrase
EN | Kitchen & Bath,Bathroom Remodel,bathroom remodel near me,Exact
EN | Kitchen & Bath,Bathroom Remodel,bathroom remodel near me,Phrase
EN | Kitchen & Bath,Bathroom Remodel,bathroom remodeling contractor near me,Exact
EN | Kitchen & Bath,Bathroom Remodel,bathroom remodeling contractor near me,Phrase
EN | Kitchen & Bath,Bathroom Remodel,shower remodel near me,Exact
EN | Kitchen & Bath,Bathroom Remodel,shower remodel near me,Phrase
EN | Kitchen & Bath,Bathroom Remodel,walk in shower installation near me,Exact
EN | Kitchen & Bath,Bathroom Remodel,walk in shower installation near me,Phrase
EN | Kitchen & Bath,Tub to Shower,tub to shower conversion,Exact
EN | Kitchen & Bath,Tub to Shower,tub to shower conversion,Phrase
EN | Kitchen & Bath,Tub to Shower,tub to shower conversion near me,Exact
EN | Kitchen & Bath,Tub to Shower,tub to shower conversion near me,Phrase
EN | Kitchen & Bath,Tub to Shower,walk in shower conversion,Exact
EN | Kitchen & Bath,Tub to Shower,walk in shower conversion,Phrase
EN | Kitchen & Bath,Tub to Shower,replace bathtub with walk in shower,Exact
EN | Kitchen & Bath,Tub to Shower,replace bathtub with walk in shower,Phrase
EN | Kitchen & Bath,Tub to Shower,bathtub to shower conversion,Exact
EN | Kitchen & Bath,Tub to Shower,bathtub to shower conversion,Phrase
EN | Painting & Cabinets,House Painters,painters auburn al,Exact
EN | Painting & Cabinets,House Painters,painters auburn al,Phrase
EN | Painting & Cabinets,House Painters,house painters auburn al,Exact
EN | Painting & Cabinets,House Painters,house painters auburn al,Phrase
EN | Painting & Cabinets,House Painters,painting auburn al,Exact
EN | Painting & Cabinets,House Painters,painting auburn al,Phrase
EN | Painting & Cabinets,House Painters,painters opelika al,Exact
EN | Painting & Cabinets,House Painters,painters opelika al,Phrase
EN | Painting & Cabinets,House Painters,painting contractor auburn al,Exact
EN | Painting & Cabinets,House Painters,painting contractor auburn al,Phrase
EN | Painting & Cabinets,House Painters,exterior painting auburn al,Exact
EN | Painting & Cabinets,House Painters,exterior painting auburn al,Phrase
EN | Painting & Cabinets,House Painters,interior painting auburn al,Exact
EN | Painting & Cabinets,House Painters,interior painting auburn al,Phrase
EN | Painting & Cabinets,House Painters,house painters near me,Exact
EN | Painting & Cabinets,House Painters,house painters near me,Phrase
EN | Painting & Cabinets,House Painters,interior painters near me,Exact
EN | Painting & Cabinets,House Painters,interior painters near me,Phrase
EN | Painting & Cabinets,House Painters,exterior house painters near me,Exact
EN | Painting & Cabinets,House Painters,exterior house painters near me,Phrase
EN | Painting & Cabinets,Cabinet Painting,cabinet painting auburn al,Exact
EN | Painting & Cabinets,Cabinet Painting,cabinet painting auburn al,Phrase
EN | Painting & Cabinets,Cabinet Painting,cabinet refinishing auburn al,Exact
EN | Painting & Cabinets,Cabinet Painting,cabinet refinishing auburn al,Phrase
EN | Painting & Cabinets,Cabinet Painting,cabinet painting near me,Exact
EN | Painting & Cabinets,Cabinet Painting,cabinet painting near me,Phrase
EN | Painting & Cabinets,Cabinet Painting,cabinet painters near me,Exact
EN | Painting & Cabinets,Cabinet Painting,cabinet painters near me,Phrase
EN | Painting & Cabinets,Cabinet Painting,kitchen cabinet painting near me,Exact
EN | Painting & Cabinets,Cabinet Painting,kitchen cabinet painting near me,Phrase
EN | Painting & Cabinets,Cabinet Painting,cabinet refinishing near me,Exact
EN | Painting & Cabinets,Cabinet Painting,cabinet refinishing near me,Phrase
EN | Painting & Cabinets,Cabinet Painting,kitchen cabinet refinishing,Exact
EN | Painting & Cabinets,Cabinet Painting,kitchen cabinet refinishing,Phrase
"EN | Flooring, Repairs & Rentals",Flooring,flooring installation auburn al,Exact
"EN | Flooring, Repairs & Rentals",Flooring,flooring installation auburn al,Phrase
"EN | Flooring, Repairs & Rentals",Flooring,flooring auburn al,Exact
"EN | Flooring, Repairs & Rentals",Flooring,flooring auburn al,Phrase
"EN | Flooring, Repairs & Rentals",Flooring,flooring contractor opelika al,Exact
"EN | Flooring, Repairs & Rentals",Flooring,flooring contractor opelika al,Phrase
"EN | Flooring, Repairs & Rentals",Flooring,lvp installation near me,Exact
"EN | Flooring, Repairs & Rentals",Flooring,lvp installation near me,Phrase
"EN | Flooring, Repairs & Rentals",Flooring,flooring installers near me,Exact
"EN | Flooring, Repairs & Rentals",Flooring,flooring installers near me,Phrase
"EN | Flooring, Repairs & Rentals",Flooring,lvp flooring installation,Exact
"EN | Flooring, Repairs & Rentals",Flooring,lvp flooring installation,Phrase
"EN | Flooring, Repairs & Rentals",Flooring,luxury vinyl plank installation near me,Exact
"EN | Flooring, Repairs & Rentals",Flooring,luxury vinyl plank installation near me,Phrase
"EN | Flooring, Repairs & Rentals",Home Repairs,home repair auburn al,Exact
"EN | Flooring, Repairs & Rentals",Home Repairs,home repair auburn al,Phrase
"EN | Flooring, Repairs & Rentals",Home Repairs,handyman auburn al,Exact
"EN | Flooring, Repairs & Rentals",Home Repairs,handyman auburn al,Phrase
"EN | Flooring, Repairs & Rentals",Home Repairs,handyman opelika al,Exact
"EN | Flooring, Repairs & Rentals",Home Repairs,handyman opelika al,Phrase
"EN | Flooring, Repairs & Rentals",Home Repairs,drywall repair auburn al,Exact
"EN | Flooring, Repairs & Rentals",Home Repairs,drywall repair auburn al,Phrase
"EN | Flooring, Repairs & Rentals",Home Repairs,deck repair auburn al,Exact
"EN | Flooring, Repairs & Rentals",Home Repairs,deck repair auburn al,Phrase
"EN | Flooring, Repairs & Rentals",Home Repairs,wood rot repair near me,Exact
"EN | Flooring, Repairs & Rentals",Home Repairs,wood rot repair near me,Phrase
"EN | Flooring, Repairs & Rentals",Home Repairs,porch repair near me,Exact
"EN | Flooring, Repairs & Rentals",Home Repairs,porch repair near me,Phrase
"EN | Flooring, Repairs & Rentals",Home Repairs,home inspection repairs near me,Exact
"EN | Flooring, Repairs & Rentals",Home Repairs,home inspection repairs near me,Phrase
"EN | Flooring, Repairs & Rentals",Rental Turnover,rental turnover services,Exact
"EN | Flooring, Repairs & Rentals",Rental Turnover,rental turnover services,Phrase
"EN | Flooring, Repairs & Rentals",Rental Turnover,rental make ready services,Exact
"EN | Flooring, Repairs & Rentals",Rental Turnover,rental make ready services,Phrase
"EN | Flooring, Repairs & Rentals",Rental Turnover,rental property turnover contractor,Exact
"EN | Flooring, Repairs & Rentals",Rental Turnover,rental property turnover contractor,Phrase
"EN | Flooring, Repairs & Rentals",Rental Turnover,rental property repairs auburn al,Exact
"EN | Flooring, Repairs & Rentals",Rental Turnover,rental property repairs auburn al,Phrase
"EN | Flooring, Repairs & Rentals",Rental Turnover,make ready contractor near me,Exact
"EN | Flooring, Repairs & Rentals",Rental Turnover,make ready contractor near me,Phrase
"EN | Flooring, Repairs & Rentals",Rental Turnover,landlord repair services near me,Exact
"EN | Flooring, Repairs & Rentals",Rental Turnover,landlord repair services near me,Phrase
EN | Additions & Remodeling,Home Additions,home additions auburn al,Exact
EN | Additions & Remodeling,Home Additions,home additions auburn al,Phrase
EN | Additions & Remodeling,Home Additions,room addition auburn al,Exact
EN | Additions & Remodeling,Home Additions,room addition auburn al,Phrase
EN | Additions & Remodeling,Home Additions,home addition contractors near me,Exact
EN | Additions & Remodeling,Home Additions,home addition contractors near me,Phrase
EN | Additions & Remodeling,Home Additions,room addition contractors near me,Exact
EN | Additions & Remodeling,Home Additions,room addition contractors near me,Phrase
EN | Additions & Remodeling,Home Additions,in law suite addition,Exact
EN | Additions & Remodeling,Home Additions,in law suite addition,Phrase
EN | Additions & Remodeling,Home Additions,garage addition contractors near me,Exact
EN | Additions & Remodeling,Home Additions,garage addition contractors near me,Phrase
EN | Additions & Remodeling,Home Additions,sunroom addition near me,Exact
EN | Additions & Remodeling,Home Additions,sunroom addition near me,Phrase
EN | Additions & Remodeling,Remodeling & General Contractor,general contractor auburn al,Exact
EN | Additions & Remodeling,Remodeling & General Contractor,general contractor auburn al,Phrase
EN | Additions & Remodeling,Remodeling & General Contractor,general contractors auburn alabama,Exact
EN | Additions & Remodeling,Remodeling & General Contractor,general contractors auburn alabama,Phrase
EN | Additions & Remodeling,Remodeling & General Contractor,general contractor opelika al,Exact
EN | Additions & Remodeling,Remodeling & General Contractor,general contractor opelika al,Phrase
EN | Additions & Remodeling,Remodeling & General Contractor,home remodeling auburn al,Exact
EN | Additions & Remodeling,Remodeling & General Contractor,home remodeling auburn al,Phrase
EN | Additions & Remodeling,Remodeling & General Contractor,remodeling auburn al,Exact
EN | Additions & Remodeling,Remodeling & General Contractor,remodeling auburn al,Phrase
EN | Additions & Remodeling,Remodeling & General Contractor,remodeling contractors near me,Exact
EN | Additions & Remodeling,Remodeling & General Contractor,remodeling contractors near me,Phrase
EN | Additions & Remodeling,Remodeling & General Contractor,home remodeling contractors near me,Exact
EN | Additions & Remodeling,Remodeling & General Contractor,home remodeling contractors near me,Phrase
EN | Additions & Remodeling,Remodeling & General Contractor,residential general contractor near me,Exact
EN | Additions & Remodeling,Remodeling & General Contractor,residential general contractor near me,Phrase
EN | Additions & Remodeling,Remodeling & General Contractor,spanish speaking contractors near me,Exact
EN | Additions & Remodeling,Remodeling & General Contractor,spanish speaking contractors near me,Phrase
EN | Additions & Remodeling,Remodeling & General Contractor,hispanic contractor near me,Exact
EN | Additions & Remodeling,Remodeling & General Contractor,hispanic contractor near me,Phrase
ES | Español,Baños,remodelación de baños,Exact
ES | Español,Baños,remodelación de baños,Phrase
ES | Español,Baños,remodelar baño,Exact
ES | Español,Baños,remodelar baño,Phrase
ES | Español,Baños,remodelación de baños cerca de mí,Exact
ES | Español,Baños,remodelación de baños cerca de mí,Phrase
ES | Español,Baños,cambiar tina por regadera,Exact
ES | Español,Baños,cambiar tina por regadera,Phrase
ES | Español,Baños,cuánto cuesta remodelar un baño,Exact
ES | Español,Baños,cuánto cuesta remodelar un baño,Phrase
ES | Español,Cocinas,remodelación de cocinas,Exact
ES | Español,Cocinas,remodelación de cocinas,Phrase
ES | Español,Cocinas,remodelar cocina,Exact
ES | Español,Cocinas,remodelar cocina,Phrase
ES | Español,Cocinas,remodelación de cocinas cerca de mí,Exact
ES | Español,Cocinas,remodelación de cocinas cerca de mí,Phrase
ES | Español,Cocinas,pintar gabinetes de cocina,Exact
ES | Español,Cocinas,pintar gabinetes de cocina,Phrase
ES | Español,Cocinas,cuánto cuesta remodelar una cocina,Exact
ES | Español,Cocinas,cuánto cuesta remodelar una cocina,Phrase
ES | Español,Pintura,pintores cerca de mí,Exact
ES | Español,Pintura,pintores cerca de mí,Phrase
ES | Español,Pintura,pintor de casas,Exact
ES | Español,Pintura,pintor de casas,Phrase
ES | Español,Pintura,pintura de casas,Exact
ES | Español,Pintura,pintura de casas,Phrase
ES | Español,Pintura,pintores de casas cerca de mí,Exact
ES | Español,Pintura,pintores de casas cerca de mí,Phrase
ES | Español,Pintura,contratista de pintura,Exact
ES | Español,Pintura,contratista de pintura,Phrase
ES | Español,Pintura,cuánto cuesta pintar una casa,Exact
ES | Español,Pintura,cuánto cuesta pintar una casa,Phrase
ES | Español,Contratista,contratista cerca de mí,Exact
ES | Español,Contratista,contratista cerca de mí,Phrase
ES | Español,Contratista,contratista general cerca de mí,Exact
ES | Español,Contratista,contratista general cerca de mí,Phrase
ES | Español,Contratista,contratista que hable español,Exact
ES | Español,Contratista,contratista que hable español,Phrase
ES | Español,Contratista,contratista hispano,Exact
ES | Español,Contratista,contratista hispano,Phrase
ES | Español,Contratista,remodelación de casas cerca de mí,Exact
ES | Español,Contratista,remodelación de casas cerca de mí,Phrase
ES | Español,Contratista,handyman cerca de mí,Exact
ES | Español,Contratista,handyman cerca de mí,Phrase
ES | Español,Contratista,reparaciones del hogar cerca de mí,Exact
ES | Español,Contratista,reparaciones del hogar cerca de mí,Phrase
Brand,Brand,z construction,Exact
Brand,Brand,z construction,Phrase
Brand,Brand,z construction auburn,Exact
Brand,Brand,z construction auburn,Phrase
Brand,Brand,z construction and remodeling,Exact
Brand,Brand,z construction and remodeling,Phrase
Brand,Brand,z construction remodeling auburn al,Exact
Brand,Brand,z construction remodeling auburn al,Phrase
